章番号,問題番号,分類名称,問題文,選択肢１,選択肢２,選択肢３,選択肢４,選択肢５,解答番号,解答,解説,
SECT001,Q0010,金融商品取引法,金融商品取引法に関する次の記述のうち、正しくないものはどれですか。,証券化商品やコマーシャルペーパーは、金融商品取引法の下で有価証券と定義されている。,金融商品取引法の下では、デリバティブ取引は有価証券とは定義されておらず、一切規制の対象外とされている。,証券取引法から金融商品取引法へ移行した際、有価証券の定義が拡充された。,金融商品取引法の下で有価証券と定義されると、所有者の移転に関する手続きが迅速化・簡便化されるなどの利便性が生じる。,【５】-,2,金融商品取引法の下では、デリバティブ取引は有価証券とは定義されておらず、一切規制の対象外とされている。,金融商品取引法の下ではデリバティブ取引の大部分は有価証券とは定義されていないが、商品先物取引法で管轄されている商品関連のデリバティブ 取引以外の多くは、金融商品取引法の規制対象とされている。,
SECT001,Q0020,債券及び株式,債券および株式に関する次の記述のうち、正しくないものはどれですか。,ディープ・ディスカウント債とは、同じ満期のパー発行債券よりもクーポンの支払いが多く、割引債に近いアンダーパーで発行される利付債である。,普通株を保有している株主には、株主総会の議決権などを通じて、当該株式を発行している企業の経営に参加する権利が与えられている。,株式には種類があり、配当が普通株に対して優先される優先株、逆に劣後する株式もありうる。,無担保の債券は、元利金の支払いに関して担保付債券よりも実質的に劣後している。,【５】-,1,ディープ・ディスカウント債とは、同じ満期のパー発行債券よりもクーポンの支払いが多く、割引債に近いアンダーパーで発行される利付債である。,割引債の応用として発行価格と償還価格に差を設け、その差額を計算にいれてクーポンの支払い金額を増減させ、様々な 利払い水準の債券を作ることが可能である。その代表例がディープ・ディスカウント債で、同じ満期のパー発行債券よりもクーポンの支払が少なく、 割引債に近いアンダーパーで発行される利付債である。,
SECT001,Q0030,証券市場,証券市場の機能に関する次の記述のうち、正しいものはどれですか。,証券発行市場ではオリジネーターが資金調達に関する情報を収集し、その情報を主に資金調達者に提供している。,証券流通市場では、アンダーライターが証券の売買注文を取扱っている。,典型的な機関投資家の例は、投資顧問会社や投資信託の運用会社である。,日本の場合、金融仲介機関の経営は主に証券取引等監視委員会が監視している。,【５】-,3,典型的な機関投資家の例は、投資顧問会社や投資信託の運用会社である。,１は資金調達者に情報を提供するのは、オリジネーターではなくアンダーライターである。#2は証券の売買注文を取扱うのは、アンダーライターではなくブローカ－やディーラーである。#3は正しい。#4で金融仲介機関の経営を主に監視しているのは、証券取引等監視委員会ではなく金融庁である。#■オリジーネータ－・・・SPE(special purpose entity：証券化を目的に機能する機関)に資産を売却する金融機関や一般事業会社#■アンダーライター・・・資金調達に関する情報を収集し、資金調達者に対して提供する。新規発行証券の発行条件を決定する。#■ブローカー、ディーラー・・・証券の売買注文を取扱う。,
SECT001,Q0040,証券市場,証券市場と情報に関する次の記述のうち、正しくないものはどれですか。,間接金融の場合、資金調達者に関する情報は随時、資金調達者と供給者の間の交渉で得られる。,情報開示制度では、発行開示は有価証券届出書、継続開示は有価証券報告書、随時開示は会社法によって担保される。,金融商品取引法は、どのような情報を公開するのか、具体的な開示内容を列挙している。,特定の投資家の投資行動に関する情報開示に対しては、大量保有報告書やTOB制度が定められている。,【５】-,2,情報開示制度では、発行開示は有価証券届出書、継続開示は有価証券報告書、随時開示は会社法によって担保される。,(1)日本の場合、主に金融商品取引法が情報開示制度の根拠となっている。発行開示は有価証券届出書、継続開示は有価証券報告書、適時開示は 取引所の規制によって担保されてる。#(2)日本の場合、株主総会での特別決議では、議決権の過半数を有する株主が出席し、出席した株主の議決権の３分の２以上で もって決議される。#■エグジット・・・株式を売却することで、経営陣に経営陣にメッセージを伝える。#■ボイス・・・株主総会での議決権を行使することで、経営陣にメッセージを伝える。,
SECT001,Q0050,コーポーレートガバナンス,空欄に入る①と②で正しい組合せはどれですか。(1)コーポーレート・ガバナンスである(①)とは、株主総会の議案に対して積極的に賛否の意思表示をするのが代表的形態である。(2)日本の株主総会での決議の方法として普通決議、特別決議などがある。特別決議は、議決権の過半数を有する株主が出席し、(②)株主の議決権の3分の2以上でもって決議される。,①エグジット　②全,①ボイス　　　②出席した,①エグジット　②出席した,①ボイス　　　②全,【５】-,2,①ボイス　　　②出席した,株主権を所有している個々の株主にとって、コーポレートガバナンスの方法はエグジットとボイスに大別される。 ボイスとは、主に株主総会での議決権の行使と、それを意識した経営陣との交渉を指す。,
SECT001,Q0060,株式市場,株式市場に関する次の記述のうち、正しくないものはどれですか。,第三者に対して現在の株価を大幅に下回る発行価格で増資を行うことは、既存株主の保護の観点から禁止されている。,日本では、株式の権利が特定の事業部門や子会社の業績に連動する株式を発行することができる。,株式の発行企業が自己株式を取得した場合、再度、流通市場で売却して資金調達することが認められている。,現在、日本において新規株式公開の際の発行価格決定方法としては、ブックビルディング方式が一般的である。,【５】-,1,第三者に対して現在の株価を大幅に下回る発行価格で増資を行うことは、既存株主の保護の観点から禁止されている。,第三者に対する有利発行は、株主総会における特別決議で承認を受けることを条件に、認められている。,
SECT001,Q0070,証券発行市場,証券発行市場に関する次の記述のうち、正しくないものはどれですか。,証券の発行に際し、私募となりうる条件は金融商品取引法で定められている。,発行会社が保有している自己株式を金庫株と呼ぶ。,私募の場合も有価証券届出書の提出が義務付けられている。,有価証券の売出しはアンダーライターの仲介によって実施される。,【５】-,3,私募の場合も有価証券届出書の提出が義務付けられている。,私募の場合は原則として、有価証券届出書の提出は不要である。,
SECT001,Q0080,債券市場,債券市場に関する次の記述のうち、正しくないものはどれですか。,債券市場の特徴として、銘柄数が少なく限定されていることが挙げられる。,格付けはデフォルトリスクもしくは信用力の評価だが、資金調達金利に影響を及ぼすことはない。,財務代理人は、社債がデフォルトした場合に、社債権者を代表して権利の保全を取仕切る。,債券は発行後、ほとんどが店頭市場で取引される。,【５】-,4,債券は発行後、ほとんどが店頭市場で取引される。,1は債券市場の銘柄数は非常に多い。#2については格付は資金調達金利に影響を及ぼす。信用力が高いと調達金利は低くなる。#3については権利の保全を取仕切るのは、財務代理人ではなく社債管理者。,
SECT001,Q0090,債券,債券に関する次の記述のうち、正しくないものはどれですか。,同一の発行機関が発行した債券でも、満期やクーポンレートが異なれば、違う銘柄として取り扱われる。,満期以前でも、発行機関の意思で元金を償還できる形態の債券が存在する。,適債基準は廃止されており、無担保の社債でも発行することができる。,日本の債券市場では、国債と同様に、社債や地方債が大量に発行され、活発に取引されている。,【５】-,4,日本の債券市場では、国債と同様に、社債や地方債が大量に発行され、活発に取引されている。,国債の大量発行に伴って、発行市場・流通市場ともに国債に偏重した債券市場になっている点が日本の特徴である。,
SECT001,Q0100,証券化商品,証券化商品に関する次の記述のうち、正しくないものはどれですか。,日本の証券化商品は、表面的には社債やコマーシャルペーパーなどの形態をとっている。,SPEが保有できる資産はキャッシュフローさえ発生すればどのような債権でも証券化の対象となりうる。,SPEに資産を売却する金融機関や一般事業会社をオリジネータ－という。,オリジネータ－が倒産した場合、証券化のためにSPEに売却された資産は、オリジネータ－の債務弁済に用いられる。,【５】-,4,オリジネータ－が倒産した場合、証券化のためにSPEに売却された資産は、オリジネータ－の債務弁済に用いられる。,2において、SPEが保有できる資産は住宅ローン、リース債権などで、キャッシュフローさえ発生すればどのような債権でも証券化の対象となりうる。#4において証券化が成立するためには、オリジネータ－からSPEへの資産売却が真正売買であることが求められる。真正売買とは、売却 された資産が名実ともにオリジネーターから切り離されたと法的に認められる状態であるため、オリジネーターが倒産してもSPEの資産がオリジネータ－ の債務弁済に用いられることはない。#■SPE(special purpose entity)・・・証券化だけを目的に機能する機関。日本では、証券化に際して発行された証券は、社債、CPとして法的に位置づけられる。 #■オリジネーター・・・SPEに資産を売却する金融機関や一般事業会社。,
SECT001,Q0110,株式流通市場,株式流通市場に関する次の記述のうち、正しくないものはどれですか。,主に新興企業株を取扱ってきたジャスダックは、現在では証券取引所になっている。,日本では、取引開始時には、「板寄せ」方式で約定価格が決められる。,証券会社が提供する私設取引システムは、立会外取引と位置づけられる。,日本では、当日約定された株価を約定株数で加重平均した価格で株式の発注を行うことができる。,【５】-,3,証券会社が提供する私設取引システムは、立会外取引と位置づけられる。,立会外取引は、東京証券取引所のTosTNetのように、証券取引所の提供するシステムを用いて証券取引所内で行われている相対取引を指す。 証券会社が提供する私設取引システムは、取引所外取引と呼ばれている。,
SECT001,Q0120,証券流通市場,証券流通市場に関する次の記述のうち、正しくないものはどれですか。,株式派生商品には、株価指数連動型債券や個人投資家向けのオプション（カバード・ワラント）などが含まれる。,日本の証券取引所における株式売買では、マーケットメイキング型の約定方式を採用している。,機関投資家が証券会社に大量の発注をする場合、VWAP(volume weighted average price)を指定する場合が増えている。,レポ市場は、投資家が保有している現物の活用や資金調達のための手段としても用いられている。,【５】-,2,日本の証券取引所における株式売買では、マーケットメイキング型の約定方式を採用している。,日本の証券取引所が採用しているのは、マーケットメイキング型ではなくオーダードリブン型である。#債券の貸借市場（レポ市場）・・・元来は空売りした債券の現物を調達するための市場であるが、現先市場的に、資金運用や資金調達のために 用いることも可能である。,
SECT001,Q0130,株式派生商品市場,株式派生商品市場に関する次の記述のうち、正しくないものはどれですか。,個別株式を対象とするオプション取引は、リスクの高さを理由に日本では採用されていない。,株式派生商品市場では、売りと買いのどちらのポディションでも作ることができる。,株式派生商品には、証券会社と相対で契約するものも存在する。,株価指数先物価格と株価指数の水準に大幅な乖離が生じた場合には、裁定取引で利益を得ることが可能になる。,【５】-,1,個別株式を対象とするオプション取引は、リスクの高さを理由に日本では採用されていない。,個別株式を対象とする株券オプション（有価証券オプション）は、日本でも取引されている。,
SECT001,Q0140,証券会社,証券会社に関する次の記述のうち、正しいものはどれですか。,PTS業務は、金融商品取引法によって登録制となった。,資金調達に関する業務であるアンダーライティングにおいて、アンダーライターにはリスクが発生しない。,証券ビッグバンにより、証券会社の営業収益は、株式売買委託手数料への依存度が上昇した。,ディーリングを業務として行うために、証券会社は自己の勘定で有価証券を保有する必要がある。,【５】-,4,ディーリングを業務として行うために、証券会社は自己の勘定で有価証券を保有する必要がある。,1:PTS業務は取引所と類似の機能を提供するため、金融商品取引業者とし登録を受けた上で、認可を要することとされている。#2:資金調達者の資金調達を確実なものにするため、アンダーライターは残額引受あるいは資金引受によりリスクを負担する。#3:証券ビッグバンにより、株式売買委託に関する手数料が完全自由料率制へ移行したため、証券会社において株式委託手数料が占める営業収益 の割合は低下した。#4:ディーリングでは、投資家が売り注文を出した場合、それを買い取らねばならない可能性が高い。逆に投資家の買い注文に即座に 対応するため、買い注文の出そうな証券を日頃から保有する必要があり、証券会社は自分自身の勘定で有価証券を保有する。#■アンダーライター・・・資金調達に関する情報を収集し、資金調達者に対して提供する。新規発行証券の発行条件を決定する。アンダーライターは 売出した証券が売れ残った場合は自らの資金で、売れ残った証券を買い取る。これが、アンダーライターのリスクとなる。#■ディーラー・・・証券の売買注文を取扱う。自己勘定で株式を保有し、自己勘定で顧客の売買注文に応じる金融仲介機関。,
SECT001,Q0150,証券会社,証券市場に関する次の記述のうち、正しいものはどれですか。,ブローカレッジでは、投資家の買い注文に応じるため、日頃から在庫を持つ必要がある。,証券業は免許性である。,年金基金は機関投資家の１つである。,債券の場合、最大の保有者は海外投資家である。,【５】-,3,年金基金は機関投資家の１つである。,1:投資家の買い注文に応じるために日頃から在庫を持つ必要があるのはディーリングである。#2:証券業は原則として内閣総理大臣への登録制である。#4:最大の保有者は国内の機関投資家と金融機関である。,
SECT001,Q0160,景気動向指数,景気拡大期の景気動向指数に関する次の記述のうち、正しいものはどれですか。,所定外労働時間指数の上昇は、景気拡大に伴う企業活動の活発化を表しており、一致系列である。,大口電力使用量は、景気拡大に伴い上昇することから、先行系列である。,法人税収入の増加は、景気拡大が企業業績へ反映した結果であり、一致系列である。,有効求人倍率は、景気拡大に備えて雇用を拡大することから、先行系列である。,【５】-,1,所定外労働時間指数の上昇は、景気拡大に伴う企業活動の活発化を表しており、一致系列である。,2:大口電力使用量は一致系列である。#3:法人税収入は遅行系列である。#4:有効求人倍率は一致系列である。,
SECT001,Q0170,セグメント情報,会計基準に従って開示されたセグメント情報に関する次の記述のうち、正しいものはどれですか。,セグメント情報は、マネジメント・アプローチではなく、取引所による事業セグメント定義に基づいて開示される。,事業セグメントとは、企業の意思決定に従って経営資源が配分され、収益・費用が生じ、分離された財務情報が入手できるものである。,売上高、利益、資産で１０％以上の量的基準に満たないセグメントは、報告セグメントとして開示してはならない。,報告セグメントの外部顧客への売上高の合計額が７５％未満の場合は、それ以上セグメントを追加する必要はない。,【５】-,2,事業セグメントとは、企業の意思決定に従って経営資源が配分され、収益・費用が生じ、分離された財務情報が入手できるものである。,1:開示はマネジメント・アプローチによる。#3:開示義務はないが、開示しても問題ない。#4:報告セグメントの外部顧客への売上高の合計額が７５％以上となるまで、事業セグメントを追加する必要がある。,
SECT001,Q0180,企業収益,企業収益に関する次の記述のうち、正しいものはどれですか。,事業利益は本業の収益力を表す利益で、受取利息・配当金なで金融収益を含まない。,営業利益は営業活動から得られる利益を表し、売上高から売上原価を控除した利益である。,経常利益は営業利益に金融収益や金融費用など営業外損益を加算した利益である。,営業外収益には利息や配当金の受取り、営業外費用には利息や配当金の支払いが含まれる。,【５】-,3,経常利益は営業利益に金融収益や金融費用など営業外損益を加算した利益である。,1:事業利益は営業利益と財務活動からの金融収益の合計であり、受取利息や配当金も含む。#2:営業利益＝売上高　－　売上原価　－　販売非及び一般管理費。#4:配当金の支払いは営業外費用には含まれない。税引後の当期純利益から支払がされる。その他記載は合っている。#事業利益とは営業活動からの営業利益と財務活動からの金融収益の合計。#i.e.事業利益　＝　営業利益　＋　受取利息　＋　受取配当金　＋　持分投資損益,
SECT001,Q0190,EPS,ROEが２０％、ROAが１６％、BPS（1株あたり純資産）が100円のとき、EPS（1株当たり当期純利益）はいくらですか。なお、ROE、ROA、BPS、EPSの分母は 期末値とする。,16円,20円,26円,10円,【５】-,2,20円,それぞれの意味は下記の通りであるので、EPS＝ROE×BPSで求められる。分母と分子の自己資本が相殺される。#よって、0.2×100円=20円となる。#■ROE(Return on Equity：株主資本利益率)・・・当期純利益/自己資本#■ROA(Return on Assets：総資産利益率)・・・当期純利益/総資産#■BPS(Book-value per Share:一株あたり純資産)・・・自己資本(純資産)/期末発行済株式数#■EPS(Earning per Share：一株あたり利益)・・・当期純利益/普通株式の期中平均発行済株式数,
SECT001,Q0200,ROE,売上高当期純利益率が2％、総資本回転率が5回、財務レバレッジが2倍のとき、ROEはいくらですか。,0.8％,4.0％,8.0％,20.0％,【５】-,4,20.0％,ROE＝売上高当期純利益率×総資本回転率×財務レバレッジで求められる。#よって、0.02×5×2=0.2=20％となる。,
SECT001,Q0210,資産と債務の回転率,資産と債務の回転率に関する次の記述のうち、正しいものはどれですか。,棚卸資産回転率が高いほど、製品や商品が在庫になっている期間が長い。,素材産業や製造業などに比べて、小売業では一般に棚卸資産回転率が高い。,買入債務回転期間は、原材料や商品の仕入れから売上計上までの日数の推計を表している。,資本投下の長期効率性を評価する固定資産回転率は、総資産回転率よりも低い。,【５】-,2,素材産業や製造業などに比べて、小売業では一般に棚卸資産回転率が高い。,1:棚卸資産回転率が高いほど、製品や商品が在庫になっている期間が短い。#2:正しい。#3:買入債務回転期間は、原材料や商品の仕入れから支払いまでの日数を表している。#4:資本投下の長期効率性を評価する固定資産回転率は、総資産回転率よりも高い。,
SECT001,Q0220,１株当たり利益,１株当たり利益に関する次の記述のうち、正しくないものはどれですか。,1株当たり利益は普通株式に係る当期純利益を期末株式数で除して算出する。,普通株主に帰属しない金額には、優先配当額が含まれる。,潜在株式について、実際に権利が行使された時は、その株式数を普通株式数に含める。,期中に株式分割が行われた場合は、それが期初に行われたとして株式数を算出する。,【５】-,1,1株当たり利益は普通株式に係る当期純利益を期末株式数で除して算出する。,1株当たり利益は普通株式に関わる当期純利益を期中平均株式数で除して算出する。,
SECT001,Q0230,均衡期待収益率,リスクフリー・レートが2.0％、マーケット・リスクプレミアムが6％のとき、株式ベータが1.2の株式の均衡期待収益率について、正しいものはどれですか。 ただし、均衡期待収益率はCAPMに従って形成される。,市場ポートフォリオの期待収益率より高い。,市場ポートフォリオの期待収益率と等しい。,市場ポートフォリオの期待収益率より低い。,市場ポートフォリオの期待収益率との大小関係は一概にはいえない。,【５】-,1,市場ポートフォリオの期待収益率より高い。,市場ポートフォリオのβは1.0となる。よって、市場ポートフォリオの期待リターンは2％＋1.0×6％＝8％となる。#株式の期待リターンは2％＋1.2×6％＝9.2％#ここで用いているCAPMとは多くの株式からなるマーケットをベンチマークとして，個別株式のリスク・リターン関係を表す。 マーケット全体のリスクに対するプレミアムをマーケット・リスクプレミアム（エクイティ・リスクプレミアム）という。 ,P53
SECT001,Q0240,配当割引モデルによる理論価格,2012年度末時点で、X社は2013年度と2014年度に無配とするが、2015年度末に1株当たり5円の配当を行い、その後は毎年5％ずつ増配していく予定である。 X社に対する株主の要求収益率が10％で一定とすると、現時点（2012年度末）で配当割引モデルによる理論株価はいくらですか。,50円,75円,83円,91円,【５】-,3,83円,まず2014年度末時点の理論株価（その時点の現在価値）を求める。#X社は配当の成長率gが5％と一定の成長率となり、当初の配当DIV1が5円、株主資本コストが10％ であるので、5/(0.1-0.05)=100円#2013年、2014年は無配であるため、2年分の株主資本コストで割引けば2012年度末時点の理論株価が算出できる。#よって、100/(1+0.1)2=82.64≒83円,
SECT001,Q0250,ゼロ成長配当割引モデル,ゼロ成長配当割引モデルについて、現在の理論価格が500円であるとき、1年後の理論株価の期待値はいくらですか。 ただし、リスクフリー・レートは2.0％、株式の均衡期待収益率は5.0％とする。,476円,490円,500円,510円,【５】-,3,500円,０成長率配当割引モデルでは常に配当額が一定であるため、理論株価は変わらない。#実際に計算してみても、配当額＝500×0.05=25円#理論株価＝25/0.05=500円,
SECT001,Q0260,企業価値EBITDA比率,Z社の今期の売上高は2000億円、減価償却費は100億円、営業利益は500億円、純利益は200億円、今期末の有利子負債総額は1200億円、株式時価総額 は2400億円とする。このとき、Z社の今期の企業価値EBITDA比率はいくらですか。,４倍,６倍,８倍,９倍,【５】-,3,８倍,企業価値・・・有利子負債総額＋株式時価総額#EBITDA(Earnings before Interests Tax Depreciation and Amortization）・・・営業利益＋減価償却費#企業価値EBITDA比率　＝　企業価値/EBITDA#企業価値＝1200億円＋2400億円＝3600億円#EBITDA＝500億円＋100億円＝600億円#よって、3600億円/600億円＝6,
SECT001,Q0270,企業価値EBITDA比率,株式の評価尺度に関する次の記述のうち、正しくないものはどれですか。,PBRは1株当たり自己資本というストックとの比較で株価を評価する尺度である。,負債のある企業を評価する場合、株価EBITDA比率は企業価値EBITDA比率よりも評価指標として適切である。,株価売上高比率はその企業の売上高利益率のノーマルな水準が業界平均や同業他社と同等の水準と考えて株価評価しているといえる。,益回りと債券利回りの差は、株式と債券の相対的な有利さを判断することに使われる。,【５】-,2,負債のある企業を評価する場合、株価EBITDA比率は企業価値EBITDA比率よりも評価指標として適切である。,負債のある企業の場合、負債を考慮した指標である企業価値EBITDA比率を用いる方が適切である。#PBR(Price Book-Value Ration:株価純資産倍率)・・・株価/1株あたり自己資本#企業価値EBITDA比率＝（有利子負債総額＋株式時価総額）/EBITDA#株価EBITDA比率＝株価/1株あたりEBITDA,
SECT001,Q0280,CAPM,配当はサステイナブル成長率で永続的に成長すると仮定する。株式の均衡期待収益率（株主の要求期待収益率）は、CAPMに 従って形成されると仮定する。リスクフリー・レートは２％、マーケット・リスクプレミアムは５％である。理論株価の算出には配当割引モデル を用いた時、均衡期待収益率10％の有利子負債のない会社の配当直後の株式ベータはいくらか。,1,1.4,1.6,2,【５】-,3,1.6,CAPM(Capital Asset Pricing Model：資本資産評価モデル):多くの株式からなるマーケットをベンチマークとして，個別株式のリスク・リターン関係を表す。 マーケット全体のリスクに対するプレミアムをマーケット・リスクプレミアム（エクイティ・リスクプレミアム）という。 この計算式によると、10％＝２％＋ベータ×５％よって、ベータ＝８％/５％、これをといて、 ベータ＝１．６となる。,
SECT001,Q0290,CAPM,理論株価の算出には配当割引モデル を用いた場合、自己資本簿価1億円、ROE10%、サステナブル成長率ゼロ、均衡期待収益率10％である企業の理論株価として正しいものはどれか。ただしこの企業は配当落ち直後で有利子負債ゼロ、発行済株式数は1億株である。また配当はサステイナブル成長率で今後永続的に成長し、株式の均衡期待収益率（株主の要求期待収益率）はCAPMに 従って形成される。リスクフリー・レートは２％、マーケット・リスクプレミアムは５％である。,100円,500円,800円,1000円,【５】-,4,1000円,この企業のサステイナブル成長率は０なのでゼロ成長率モデルを適用して理論株価を算出する。よって、配当額がわかればよい。#ROE(Return on Equity)・・・株主資本利益率＝当期純利益/株主資本#ROEが10％で自己資本が1000億円なので、当期純利益は100億円であることがわかる。#ゼロ成長率モデルでは当期純利益は全て配当となるので、配当金は100億円となり、1株あたりの 配当金額は100円となる。#ゼロ成長率モデルの理論株価算出式を用いると100/0.1=1000円となる。,
SECT001,Q0300,株式の理論株価,自己資本簿価1000億円、ROE10%、サステイナブル成長率４％、均衡期待収益率が8％のとき、この企業の株式の理論株価はいくらですか。ただし、現在は配当落ち直後のデータであり、有利子負債はなく、発行済株式数は1億株とする。 配当はサステイナブル成長率で永続的に成長すると仮定する。株式の均衡期待収益率（株主の要求期待収益率）は、CAPMに 従って形成される。リスクフリー・レートは２％、マーケット・リスクプレミアムは５％である。理論株価の算出には配当割引モデル を用いて良い。,1000円,1500円,2000円,2500円,【５】-,2,1500円,サステイナブル成長率の算出式を用いて配当額を求める。#今期の当期純利益はROEが１０％、自己資本が1000億円なので、1000億円×１０％＝100億円となる。#サステイナブル成長率が４％、ROEが１０％であるから、配当性向は４％＝１０％×（１－配当性向）より、 配当性向＝１－０．４＝０．６＝６０％となり、配当額は６０億円と求まる。#よって、理論株価は60/(0.08-0.04)=1500となる。#サステナブル成長率モデルとは、毎期の配当が一定率で成長するモデルで、理論株価=1株配当/(株主資本コスト-サステナブル成長率)で表現される。,
SECT001,Q0310,PBR,自己資本簿価1000億円、ROE10%、サステナブル成長率4%、均衡期待収益率が12％のとき、この企業のPBRについて正しいものはどれですか。ただし、今は配当落ち直後であり、有利子負債はなく、発行済株式数は1億株であり、配当はサステイナブル成長率で永続的に成長すると仮定し、株式の均衡期待収益率はCAPMに従って形成される。リスクフリー・レートは２％、マーケット・リスクプレミアムは５％である。理論株価の算出には配当割引モデル を用いて良い。,1倍を下回る。,1倍に等しい。,1倍を上回る。,一概に言えない,【５】-,1,1倍を下回る。,サステイナブル成長率の算出式を用いる。今回のY社の配当額を求める。#今期の当期純利益はROEが１０％、自己資本が1000億円なので、1000億円×１０％＝100億円となる。#サステイナブル成長率が４％、ROEが１０％であるから、配当性向は４％＝１０％×（１－配当性向）より、 配当性向＝１－０．４＝０．６＝６０％となり、配当額は６０億円と求まる。#よって、理論株価は60/(0.12-0.04)=750となる。#PBR(Price Book-Value Ratio：株価純資産倍率）＝株価/自己資本で750/1000=0.75となり1倍を下回る。,
SECT001,Q0320,配当政策と理論株価,ROEが均衡(株主)期待収益率に等しい企業において、配当政策と理論株価について正しいものはどれですか。,配当性向を高めると株価は上昇する。,配当性向を高めると株価は下落する。,配当性向を高めても株価は変化しない。,配当性向と株価の関係は一概にはいえない。,【５】-,3,配当性向を高めても株価は変化しない。,理論株価＝配当額/(期待収益率－サステイナブル成長率）＝配当性向×当期純利益/(期待収益率　－　ROE×（１－配当性向））であるが、本題では期待収益率とROEが同一の値であるから、式にあてはめると、理論株価＝配当性向×当期純利益/ROE×配当性向＝当期純利益/ROEとなり、配当性向が株価に影響しないことがわかる,
SECT001,Q0330,ROEと配当性向,A社の投資家の要求収益率は１５％で一定、サステイナブル成長率を１０％とし、ROE、配当性向はそれぞれ一定とする。当期EPS55円、当期DPS（一株配当)33円、当期期首BPS220円であるA社は負債を持たず配当支払い以外の資本取引を行わず配当は期末に支払われる。A社のROEと配当性向はそれぞれいくらですか。,ROEは２０％、配当性向は２０％,ROEは２０％、配当性向は５０％,ROEは２５％、配当性向は５０％,ROEは２５％、配当性向は６０％,【５】-,4,ROEは２５％、配当性向は６０％,ROE(Retrun on Equity:株主資本利益率)＝当期純利益/自己資本なので、55/220=25％となる。配当性向は配当額/当期純利益なので、33/55=0.6=60％となる。,
SECT001,Q0340,EPSとDPS,A社の投資家の要求収益率は１５％で一定、サステイナブル成長率を１０％とし、ROE、配当性向はそれぞれ一定とする。前期EPS55円、前期DPS（一株配当)33円であるA社は負債を持たず配当支払い以外の資本取引を行わず配当は期末に支払われる。A社の当期1株当たり利益(EPS)と1株当たり配当(DPS)はそれぞれいくらですか。,EPSは55.0円、DPSは33.3円,EPSは60.0円、DPSは33.3円,EPSは60.0円、DPSは36.3円,EPSは60.5円、DPSは36.3円,【５】-,4,EPSは60.5円、DPSは36.3円,サステイナブル成長で配当性向が一定なので、利益もサステイナブル成長率で成長する。よって、1.1×55=60.5#DPSも同様に33×1.1＝36.3,
SECT001,Q0350,残余利益モデル,残余利益モデルに関する次の記述のうち、正しくないものはどれですか。,残余利益とは、純利益から期首自己資本に要求期待収益率を掛けたものを差引いた結果である。,毎期の残余利益の割引現在価値合計が、株式の理論価値となる。,クリーンサープラス関係を前提とすれば、今期純利益と今期期首自己資本の和から今期期末自己資本を差引いたものが、今期配当に等しい。,クリーンサープラス関係を前提とすれば、残余利益モデルは配当利益モデルと整合的なことを示すことができる。,【５】-,2,毎期の残余利益の割引現在価値合計が、株式の理論価値となる。,毎期の残余利益の割引現在価値合計と期首の自己資本の和が株式の理論価値となるため、2が誤り。,
SECT001,Q0360,残余利益モデル,A社の投資家の要求収益率は15%で一定、サステイナブル成長率を10%とし、ROE、配当性向はそれぞれ一定とする。今期一株あたり残余利益22円、期首BPS220であるA社は負債を持たず配当支払い以外の資本取引を行わず配当は期末に支払われる。残余利益モデルにおける理論株価による第2期期首のA社株式の理論株価はいくらですか。,600.0円,660.0円,666.7円,781.2円,【５】-,2,660.0円,理論株価＝自己資本＋今期残余利益/(要求収益率－サステイナブル成長率)#であるから、220+22/(0.15-0.1)=55+22×0.05=660円,
SECT001,Q0370,残余利益とBPS,期待収益率15%で一定、当期EPS60円、当期BPS242円、前期期首BPSが220円、前期残余利益が22円の時、当期のBPS(期首)と1株当たり残余利益はそれぞれいくらですか。,BPSは231円、1株当たり残余利益は20.0円。,BPSは242円、1株当たり残余利益は22.0円。,BPSは242円、1株当たり残余利益は23.7円。,BPSは288円、1株当たり残余利益は24.2円。,【５】-,3,BPSは242円、1株当たり残余利益は23.7円。,前期BPSと前期残余利益から当期BPSは220+22=242円となる。#残余利益＝純利益 - BPS×要求収益率＝60　-　242×0.15＝60-36.3＝23.7円,
SECT001,Q0380,債券利回り,債券の利回りに関する次の記述のうち、正しくないものはどれですか。,直接利回りには、満期まで保有した場合のキャピタルゲインまたはロスが考慮されていない。,アンダーパー債券の最終利回りはキャピタルロスを考慮しているため、同債券の直接利回りより低い。,オーバーパー債券では、単利最終利回りは複利最終利回りより低い。,アンダーパー債券では、クーポンレートは複利最終利回りより低い。,【５】-,2,アンダーパー債券の最終利回りはキャピタルロスを考慮しているため、同債券の直接利回りより低い。,アンダーパー債券の最終利回りはキャピタルゲインとなり、直接利回りプラス、売却益があるので、直接利回りより高い。#アンダーパー債券・・・債券価格が額面より低い債券。#オーバーパー債券・・・債券価格が額面より高い債券。#最終利回り・・・債券の現在価格と将来キャッシュフローの割引現在価値を等しくする１つの割引率。#直接利回り・・・債券から得られる利益のうち利子だけを評価する利回り。#単利最終利回り・・・利子と償還損益を評価した利回り。償還損益を残存年で均等に割って利回りを算出する。#複利最終利回り・・・利子と償還損益を評価した利回り。各年の利子（クーポン）を次年度に再投資すると考える。,
SECT001,Q0390,債券価格,額面１００円、年１回利払い、クーポンレート１．２％、残存期間５年の債券の最終利回りが１．２％のとき、この債券の１年間の所有期間利回りが １．３％となる１年後の債券価格はいくらですか。なお、現在は利払い直後とする。,９９．２３円,１００．１０円,１０１．３５円,１０２．８５円,【５】-,2,１００．１０円,最終利回りがクーポンレートと同一なので、現在の債券価格は１００円ということがわかる。#よって、１年後の債券価格をPとすると、（P＋１．２）/１＋０．０１３＝１００となり、#１０１．３＝P＋１．２　よって、P＝１００．１となる。,
SECT001,Q0400,利回り曲線,利回り曲線に関する次の記述のうち、正しくないものはどれですか。,純イールドが多い理由の１つは、長期債投資の方が短期債投資よりリスクが高いので、高いリスクプレミアムを要求するためと考えられる。,逆イールドの背景には、金融引締め政策の実行により短期金利は急速に上昇するが、高金利は長期間続かないと市場が判断して、長期金利はそれほど 上がらないというものが考えられる。,中期の金利が長期や短期と比べて高いこぶ状のイールドカーブは、純イールドから逆イールドへ移行する際に見られ、市場の効率性に反する。,純期待仮説では、現在の長期金利に含まれているフォワードレートは将来の短期金利の期待値と等しいと説明するので、右上がりの利回り曲線には 将来の短期金利上昇の予想が含まれていると考える。,【５】-,3,中期の金利が長期や短期と比べて高いこぶ状のイールドカーブは、純イールドから逆イールドへ移行する際に見られ、市場の効率性に反する。,純イールド・・・右上がりの利回り曲線。純イールドとなる頻度が高い理由として短期投資より長期投資の方がリスクが高いためリスクプレミアムがかかるためと考えられる。 また、将来短期金利が上昇するという予想も含まれている。#逆イールド・・・右下がりの利回り曲線。金融当局が金融引き締め政策を実施した結果、短期金利は急速に上昇するが長期に続かないと考えられるため、長期金利はそれほど 上昇しない等の理由が考えられる。#純イールドと逆イールド間の移行中間・・・純イールドから逆イールド、または逆イールドから純イールドへの移行の中間において中期が最も低く、短期、長期が高い 形やその逆の中期が最も高いこぶ状の計上を示す形もある。#純粋期待仮説・・長期金利というのは、短期金利が将来どのようになるのかという予想のみを純粋に反映しているという仮説。#流動性プレミアム仮説・・・短期債と長期債では長期債の方が流動性が小さい。よって、その分長期債の方がリスクプレミアムが発生し、金利が高くなるという仮説。#市場分断仮説・・・短期資金市場の参加者と長期資金市場の参加者は異なるため、期間の異なる資金市場ではそれぞれの需給で金利が決まるという仮説。,
SECT001,Q0410,債券投資リスク,債券投資リスクに関する次の記述のうち、正しくないものはどれですか。,金利が上昇すると一般に債券価格が下落する。,格付の高い債券ほどデフォルトリスクが大きい。,取引があまり活発でない債券を大量に売却しようとすると、価格が下落するリスクがある。,コーラブル債は金利が低下するほど期限前に償還されるリスクが大きくなる。,【５】-,2,格付の高い債券ほどデフォルトリスクが大きい。,コーラブル債・・・任意償還のことをコールといい、任意償還条項のついた債券をコーラブル債という。発行者は金利が下がった場合には任意償還を行い、 より低い金利の債券に借換えができる。,
SECT001,Q0420,債券の信用格付け,債券の信用格付けに関する次の記述のうち、正しいものはどれですか。,一度付与された格付は、原則としてその債券が償還されるまでの間、見直しや変更が行われることはない。,資産担保証券（ABS)などの証券化商品は格付の対象にならない。,国や政府機関などが発行するソブリン債は、信用リスクがないため格付の対象にならない。,信用格付では財務上の特約など個々の債券の条件も考慮されるため、同一発行体の発行した債券でも異なる格付が付与されることもある。,【５】-,4,信用格付では財務上の特約など個々の債券の条件も考慮されるため、同一発行体の発行した債券でも異なる格付が付与されることもある。,４の通り、信用格付は発行体ではなく、発行された債券に対して格付するため、同一発行体の発行した債券でも異なる格付が付与されることもある。,
SECT001,Q0430,債券の信用格付け,信用格付けに関する次の記述のうち、正しくないものはどれですか。,格付会社は信用格付の正確性を示すために、過去の格付別のデフォルト率を公表している。,格付会社が公表する過去20年間の実績に基づく格付別平均累積デフォルト率をみると、投資適格等級と投機的等級のデフォルト率に大きな差があることがわかる。,格付会社が公表する過去20年間の実績に基づく各付別平均累積デフォルト率をみると、日本の発行体の平均累積デフォルト率は世界より高いことがわかる。,低格付債（BBBもしくはBaa以下）における格付間の金利スプレッド差は、高格付債（A以上）におけるそれより大きい。,【５】-,3,格付会社が公表する過去20年間の実績に基づく各付別平均累積デフォルト率をみると、日本の発行体の平均累積デフォルト率は世界より高いことがわかる。,日本の発行体の平均累積デフォルト率は世界平均より低い。,
SECT001,Q0440,デュレーションとコンベクシティ,デュレーションとコンベクシティに関する次の記述のうち、正しくないものはどれですか。,マコーレー・デュレーションはキャッシュフローの平均残存年数である。,修正デュレーションは、最終利回りの変化が微小な場合、債券価格の変化率がその何倍かを近似した尺度である。,修正デュレーションは、一般にマコーレー・デュレーションより大きな値となる。,一般的な固定利付債券では、最終利回りの上昇・下落にかかわらず、コンベクシティは債券価格の正の変化として影響する。,【５】-,3,修正デュレーションは、一般にマコーレー・デュレーションより大きな値となる。,修正デュレーションはマコーレー・デュレーションを（１＋最終利回り）で割ったものなので、一般的にマコーレー・デュレーションの 方が大きい値となる。 ,
SECT001,Q0450,株価指数先物のキャリー損益,いま、現物株価指数は10万円、先物の満期までのリスクフリー・レートは1.00％（年率)、配当利回りは1.50％（年率)、先物の満期までの日数は30日である。 この株価指数先物のキャリー損益（理論ベーシス)はいくらですか。ただし、いずれも１年＝365日ベースで年率換算されているものとする。,14円のキャリー損,10円のキャリー損,0円,4円のキャリー益,【５】-,2,10円のキャリー損,先物理論価格＝10万 ×（1+(0.01-0.015)×30/365) ＝9995.89 よって9996円#これより現物価格と先物価格の差は4円となり先物価格の方が安いので、キャリー益は４円となる。#キャリー損益・・・先物価格と現物価格の差#先物価格＝現物価格×（１＋金利－配当利回り）#※上記の金利と配当利回りは年率換算しない少数表示ベース、よって金利と配当利回りが年率の％で与えられた場合は下記の式となる#先物価格＝現物価格×（１＋(（金利－配当利回り）/100)×(先物満期までの日数/365)),
SECT001,Q0460,株式オプション価格,裁定取引機会が存在しないという前提のもとで、ヨーロピアン・タイプの株式プットオプション価格に関する次の記述のうち、 正しくないものはどれですか。ただし、対象株式に配当はないものとする。,行使価格が低いものほど安い。,本源的価値（本質的価値）を下回ることもある。,株価を上回ることもある。,行使価格を上回ることもある。,【５】-,4,行使価格を上回ることもある。,プットオプションは○○で売れる権利であるため、行使価格を上回ることはない。プットオプションが 最も儲かるのは該当株式が０円となった場合であるが、行使価格とプットオプションの値段が同一となった場合に は株価が０円となった時でさえ儲けがないため、プットオプションの値段が行使価格を上回ることはない。,
SECT001,Q0470,オプションと原資産,原資産としての株式、行使価格、満期が同じヨーロピアン・タイプのコールオプションとプットオプションを考える。 いま、１単位のコール買い、１単位のプット売りを行った。このポジションに加えて、次の取引のどれを行えば、原資産である 株式を１単位保有しているのと同じになりますか。ただし、rはオプションの満期までの間のリスクフリー・レート（年率換算せず） を示す。株式に配当の支払いはない。,オプションと満期が等しい割引債を、行使価格と同じ額面分だけ購入する。,オプションと満期が等しい割引債を、行使価格と同じ額面分だけ空売りする。,オプションと満期が等しい割引債を、行使価格/1+r　と同じ額面分だけ購入する。,オプションと満期が等しい割引債を、行使価格/1+r と同じ額面分だけ空売りする。,【５】-,1,オプションと満期が等しい割引債を、行使価格と同じ額面分だけ購入する。,プット・コールパリティ・・・コールの価格－プットの価格＋行使価格/1+r　＝　原資産価格#権利行使価格1000円の株式を例に、コールオプションの買いとプットオプションの 売りを足すと原資産価格が0円の場合に-1000円となる右肩上がりの直線となる。#これに満期時に1000円（行使価格）となる割引債を足すことで原資産と満期価値が一致する直線となるため、 原資産価格と一致する。満期時に行使価格となるような割引債の現在価値は行使価格/1+rである。#※ただし、rはオプション満期までの間の無リスク金利（年率換算せず）である。,
SECT001,Q0480,リスク中立確率,株価が次のように変化するとき、株価上昇のリスク中立確率はいくらですか。ただし、この株式は配当を支払わず、年率のリスクフリー・レート は１％とする。,0.25円,0.30円,0.40円,0.55円,【５】-,3,0.40円,まずはリスク中立確率pを求める。原資産価格の算出式から、100=(110×p+(1-p)×95)/1+0.01#これをといて、p=0.4#よって正解は3となる。,
SECT001,Q0490,オプションによる投資戦略,オプションを用いた以下の投資戦略のうち、原資産の価格が高くなればなるほど満期時点の利益が大きくなるものはどれですか。ただし、用いるオプションの 原資産および限月は同一のものとする。,バーティカル・ブル・プット・スプレッド,プロテクティブ・プット,カバード・コール・ライト,ストライドの売り,【５】-,3,カバード・コール・ライト,プロテクティブ・プットとは原資産買い＋プットOP買いのことで、原資産価格上昇時の利益を一部放棄し、原資産価格下落時の損失を限定させる。#また、カバード・コール・ライトは原資産買い＋コールOP売りのことで、原資産価格上昇時の利益を限定するかわりに、原資産価格下落時に、原資産だけを保有していた場合に比べ、OP料分損益が上昇する,
SECT001,Q0500,確率分布,確率分布に関する次の記述のうち、正しくないものはどれですか。,正規分布は、平均と分散という２つの数値を与えれば分布の形が確定する。,リターンが正規分布に従う２銘柄を組み合わせたポートフォリオのリターンは、必ずしも正規分布に従うとは限らない。,正規分布の歪度はゼロである。,標準正規分布の分散は１である。,【５】-,2,リターンが正規分布に従う２銘柄を組み合わせたポートフォリオのリターンは、必ずしも正規分布に従うとは限らない。,複数の正規分布の線形結合は、正規分布になる。,
SECT001,Q0510,リターンデータを用いたマーケットモデル,過去のリターン・データを用いたマーケットモデルの推定に関する次の記述のうち、、正しくないものはどれですか。,リターンは、安全資産のリターンを差し引いた超過リターンを使用する。,ヒストリカルベータの推定では、過去24ヵ月の月次リターンを用いることとされている。,説明変数と被説明変数の相関係数の符号は、回帰線の傾きの正負によって判断できる。,t検定を行うには、残差項の分布に特定の仮定を置くことが必要である。,【５】-,2,ヒストリカルベータの推定では、過去24ヵ月の月次リターンを用いることとされている。,ヒストリカルベータは過去一定期間の投資収益率を市場全体の収益率と回帰分析することで求めたファンド及び、 個別銘柄のベータでこの際に用いる過去データは24カ月と決まっているわけではない。#t検定とは、２つの集合を比較した際にその２つの集合に有意差（意味のある差）があるかどうかを検定する方法。#t値が大きい程、意味のある差である可能性が高くなり、t値から計算するp値の値が5%または1%の値以下になると意味のある差であると言える。,
SECT001,Q0520,リスク回避的な投資家選好,リスク回避的な投資家選好に関する次の記述のうち、、正しくないものはどれですか。,曲率の小さい効用関数を持つ投資家は、曲率の大きい効用関数を持つ投資家よりもリスク回避的である。,効用の数値の大小では個人間の効用の大きさを比較できない。,リスク回避度は、効用の単位の正の一次変換によって左右されない。,価値が確率的に変動するリスク資産の確実性等価額は、その資産の期待値よりも小さい。,【５】-,1,曲率の小さい効用関数を持つ投資家は、曲率の大きい効用関数を持つ投資家よりもリスク回避的である。,曲率の大きい効用関数を持つ投資家の方が、曲率の小さい効用関数を持つ投資家よりリスク回避的である。効用図が直線だとリスク中立的に近づく。,
SECT001,Q0530,CAPM,CAPMに関する次の記述のうち、、正しくないものはどれですか。,CAPMにおいては、市場は分散投資によって削減できるリスクに対して対価を要求しない。,ポートフォリオのベータは、ポートフォリオに組み入れられる各証券のベータを、銘柄別の投資比率で加重平均した値になる。,ベータが負の証券があれば、それに市場が要求する期待リターンはリスクフリーレートよりも小さくなる。,貸出利子率と貸入利子率が異なるゼロベータCAPMでは、市場の均衡状態においてマーケットポートフォリオは効率的ポートフォリオでなくなる。,【５】-,4,貸出利子率と貸入利子率が異なるゼロベータCAPMでは、市場の均衡状態においてマーケットポートフォリオは効率的ポートフォリオでなくなる。,ゼロベータCAPMでも市場の均衡状態においてマーケットポートフォリオは効率的なポートフォリオである。,
SECT001,Q0540,マルチファクター・モデルとAPT,マルチファクター・モデルとAPTに関する次の記述のうち、、正しいものはどれですか。,マルチファクター・モデルでは、証券のリスクを複数のファクターに対するエクスポージャーによってとらえる。,マルチファクター・モデルは、トラッキングエラーの管理には用いられない。,APTでは一般に、リスクフリー・レートの水準も含めてファクタープレミアムで説明される。,ファクターは多くの証券にリスクを与えるものなので、APTによればファクタープレミアムは正となる。,【５】-,1,マルチファクター・モデルでは、証券のリスクを複数のファクターに対するエクスポージャーによってとらえる。,APT(Arbitrage Priceing Theory：裁定価格理論)・・・ノー・フリーランチの原理、「世の中にただメシはない」という理屈から導かれた 理論であり、需要と供給の原理を用いてリスクの価格を求めたCAPMとは異なる理論。#マルチファクターモデル・・・株式の収益率を複数の要因（ファクター）から説明するモデル。代表的なモデルとしては、ファーマ＝フレンチ の３ファクターモデル（マーケットファクター、企業規模ファクター、バリューファクター）等がある。これに比べ、CAPMはマーケットファクターのみを 考慮しているのでシングルファクターモデルといえる。 ,
SECT001,Q0550,ポートフォリオリスク,次のうち正しいものを選んでください。,２証券のポートフォリオにおけるリスクはそれらの証券の共分散の平方根である。,ポートフォリオのリスクとは期待収益率の過去の時系列平均である。,ポートフォリオのリスクとは期待収益率の過去の時系列平均の標準偏差ではない。,AとBの証券の共分散はA証券の標準偏差xB証券標準偏差である,【５】-,1,２証券のポートフォリオにおけるリスクはそれらの証券の共分散の平方根である。,ポートフォリオのリスクとはポートフォリオの期待収益率の過去の時系列平均に対する(ベンチマーク収益率との差額の）標準偏差と捉えることもできる。#4についてはAとBの証券の共分散は[これらの証券の相関係数]x[A証券の標準偏差]x[B証券標準偏差]である,
[EOF],,,,,,,,,,,,